,PC1,PC2,PC3,PC4,PC5,PC6,PC7,PC8,PC9,PC10,diagnosis
251,-3.0067710739294737,-0.5777841693948138,0.2861690464602414,-0.6774696162269764,0.7933377748328899,0.5468236415835349,0.06973971997101751,-0.21650614712618982,0.7090116237149934,-0.36495405021070826,0
373,3.4292527349181996,-3.685826778756464,-1.1380741914945673,-1.4067921539150652,-0.5133724981895966,-0.8766600252313078,0.8644439857944827,-0.41079354231346954,-0.5023098484066901,-0.2300309984807724,1
211,-2.96926024673905,-0.32784159120979023,-0.5315325524678138,0.1090536998636268,-0.5504758419233414,-0.3902980359793665,-0.35843858795973327,-0.3420980253391585,0.019030994424445443,-0.2826497692974124,0
52,-3.4139533324019653,-0.4022818476258042,-0.10472478894727084,-0.6765150614592915,0.1252221228019696,0.582230658011788,0.07465995400649751,-0.6555099486317126,0.5439248930909192,0.5346952141735063,0
315,-4.81735813608018,-2.2624356370277643,-0.161933153422187,-0.8953860005181078,-0.7886210033875974,-0.825929699144288,-0.22206119671446714,-0.06943284356778551,-0.4511652759787356,-0.4623487398861276,0
327,-4.589451118450824,-1.7561299016208327,0.09470614026902908,-0.26889692683623523,-0.7270060259667429,-0.23064498415262802,-0.8522721639503893,-0.04575189560274083,-0.24454196832088224,-0.004463273845227569,0
439,-3.18443676800609,-2.111168360720583,-0.15499159882848187,-1.2785169665249425,-1.2281112988753564,-0.09423384376254891,0.25900455941604805,0.15918895227028215,0.29010001940187,0.34125769558725283,0
299,-3.3354854062992456,0.7489171801024584,1.7824410711647547,0.16096489820248933,1.2393994491796854,-0.06549652855088114,0.5813126786824673,-0.5709633409306533,-0.19265490561454074,-0.611325435452203,0
436,-2.23134699976265,-0.37490830800176633,-0.4623548631019092,-0.23511920867333364,0.8608911993746006,0.8908115610592057,-0.5285020447230053,-0.5164160538875642,0.23423045028002684,0.37010782424430694,0
253,1.2748379667707104,-1.6464579554783403,-1.6875942770553938,-0.6946382721097505,-0.2712651517318435,0.0064101549092186695,1.0696466258760609,0.507581510389939,0.0650409531146302,0.06816448349645012,1
35,2.6942762590116147,-0.23635103489310386,-1.853142856482083,0.5833185687731405,0.7143418011482328,2.0930771207526337,0.7264294708452304,-1.1014743243799612,-0.2805757141844999,-0.7875031544069852,1
470,-2.6664267201796585,1.5045610216545582,0.4092771773681731,0.22058715083716657,0.8973304696243257,0.7939302995201968,-0.4554651777886219,0.016266742041963073,1.36738680467232,0.626251666672527,0
355,-0.9664536599013328,0.8423482925485479,2.4532732510313204,-0.3004883883527402,-1.372930392040215,-0.24797402908067462,0.8927671457037369,-0.14640279980737855,-0.3779463337509335,-0.8653486341919319,0
340,0.2817603202837642,0.35367621986985676,-1.0606279739899018,-0.9615395617601136,-0.7518107682152303,0.5744891579495441,-0.19616477107533442,0.18896340533913722,0.22541738358203134,-0.10007635881258684,0
515,-2.286552823237286,0.8313592425531776,-0.33025392770327144,-0.47893433882750897,1.4308298441766818,0.06737181463419982,1.0693747597313725,-0.2785798352126175,0.43768360143906404,-0.5511592717630825,0
292,-1.3785962323775753,1.481121918359601,-0.7719246852352938,-1.1366760749330196,0.36670476002818164,0.06363186508588192,0.42374696560159186,-0.8660109200074055,-0.6022651647915642,0.05667238108582933,0
498,3.6252974509064755,-0.915010585223209,0.42970851957683853,-1.366383379488905,-0.3877905870388466,-1.1225093043943237,-0.4603982019392551,0.006266686597529895,-0.1288724237531398,0.6415091386458103,1
300,6.426810428098653,-1.3216182777574776,0.17810965199041032,-1.1046011896495573,0.02091633869787592,-0.8915959926921407,-1.1289118277273067,0.20329806520916133,0.12767006137201045,-0.6200252423800675,1
229,2.7361533837013208,3.547735404121694,-2.336611239668142,1.1621692308053473,-0.2533747806048839,-0.6941530269304068,-0.293032847427929,-0.06100954450316817,0.30995690506086987,-0.130479643059551,1
25,6.973373220570468,2.1948994485127833,-0.19320658980284863,-2.324998018413672,2.0325239167592692,1.0984902901770246,-0.39212072634280226,0.84527185017735,1.8827786372125084,1.9514067850558696,1
67,-3.472468317876111,-0.6007582723622898,0.6422456676818541,-0.13937802209162484,0.04878084420326673,-0.38691117812366643,0.6633064163419584,-0.9989456518507497,-0.003778514686941993,-0.6939762973443765,0
526,-0.8479524389099871,0.18492898753360645,-2.789364453650212,-0.15368556015314866,0.49075833818043996,-0.31475802608932,0.08767584400416491,-0.21147285037744948,0.20055502587519883,-0.4665969094771394,0
143,-1.8143664653308431,0.016739972469523703,-1.3989621362590994,-0.723420039601708,0.1211956756657144,1.057343275259562,-0.11968327085140103,-0.30558913792787645,-0.25379922029790314,-0.17896744299405257,0
392,4.070215237528312,0.8636205760841731,-0.9285143368102479,0.11596392165661992,0.4907696795472313,-0.981768786301575,0.002652147519312497,0.34896160938265025,0.3017770572752865,-0.6692848789825648,1
231,-4.020315597122964,-1.301484912728524,-0.20093057828456867,2.520137535665069,-0.685077807851196,1.472232745059882,-0.5682808983893981,-0.5745862009692658,1.0748455503913183,0.6365737962389495,0
486,-2.2795455142804903,-2.371139778681914,-0.7877859898748295,-0.09764917484298906,-1.1532260698315973,-0.06424200778748601,0.09678266408860803,0.38960017165332506,-0.34622766068771754,-0.6202642395642223,0
182,0.7119170469466127,-1.5144127920021349,-1.4871314474241368,1.075131049795757,-0.10572610567603263,0.14841465513181915,0.11232666403459682,-0.2985086825889583,-0.2312395488462193,-0.31559975382498495,1
2,5.617593833751079,-0.9178818637624587,-0.6323126897184448,-0.8153822654945269,0.03721326747862004,0.6446101830038212,0.7928512459573099,-0.12574495766081553,0.18599942887000406,0.24902757456898333,1
170,-2.458213804679026,0.21916165348616345,-0.5168670333762934,-2.417532434335452,0.7054780768097656,-0.03616254570658355,1.1106661700872893,0.03599301861939134,0.5700048374011032,0.053676318974170266,0
359,-3.169766560946324,0.6122171478009262,0.4602669314001421,-0.12593067030847374,0.8175680963934117,-1.1391675911062744,-1.240198931873876,0.04618224916469267,0.3733499009261539,-0.9529434473573054,0
473,-3.5636208105671456,-1.3568843121079166,3.4552125393268924,4.519623188984789,1.976402444152546,0.6819839630662301,-1.051630343431147,1.3736629145054842,-1.1770304156380476,0.21624430177116863,0
228,-1.4654042760368127,-0.1207931125234509,-0.9439041378163164,1.9399449788740186,-1.50538694751677,-0.08661950412903294,-0.6181935220934757,-0.6977906434011958,0.014059547625975556,-0.47936330732094545,0
306,-3.8226970325982492,-1.41327507482112,-1.117215035334635,-0.9258329876288482,-0.4827475907838779,0.20928228958578565,-0.9943831378374919,-0.11496337122687911,-0.08512198317982055,0.7339840763411547,0
131,1.3910236256376953,-0.9439502357426155,-1.3083175004433154,-0.5039317391294215,0.5017916383363962,-0.709436872209744,0.6489289281215334,0.22550701331860304,0.698222985894971,-0.18572571033719207,1
255,0.45985716175161506,0.4904005002503342,-1.0196182423080722,-1.0647100222352952,0.36840490824024136,-0.044827713011893526,0.5450038736593141,0.046613489475969605,0.26528747223564786,-0.5431365876466885,1
444,0.9426364344373003,-2.052821711033244,-1.6886857206122625,-1.0131478735402177,-1.2960036328423468,0.20625652590910215,0.37260443911835106,0.23614982499024112,-0.32113935492387213,0.2653779879551202,1
443,-3.860442806008111,0.746115253694818,2.2665520890761384,0.6915511029091057,0.9854496253948226,0.7172017711254556,0.8222073811354415,1.1993374181226983,0.8265409876465023,1.6939661780551005,0
11,2.6002718221303915,0.20848774296908124,-1.4923779353483841,0.003923470097001532,-0.43303036530948025,0.7641208650248517,-0.592305886962702,-0.6281049994106197,-0.6153147136654942,-0.0040803520598666,1
9,6.302982144869457,7.813247119683624,-3.9910508394792017,3.6871998554796326,-1.8564016241083074,-0.8655567708285679,-2.687891172910043,-0.4881330822327756,-1.3856400544300078,-0.26168794290110914,1
463,-2.9320998724782195,0.009176579180085446,-0.6908268887175326,-0.05827285477348673,-0.22091946789114109,0.352888125864406,0.15744717703488162,-1.0223103260170334,-0.20986706630735438,-0.6103026278527374,0
246,-3.2113750466557667,-1.1153146848920132,0.3889679801465324,0.836969199653058,-0.8594369841321379,0.5854660908460654,0.09444267380177887,0.032938555514285456,-0.725748071920834,-0.3873358271189068,0
167,1.1479496527258988,-1.928796670467278,0.9307796607065667,-0.2883768051780415,-0.10444930939493755,0.6365189610082576,0.4004833156337476,0.26336235093485466,0.25482660005901114,0.27069494525897647,1
322,-1.7655363842322016,0.4661958849408989,-1.2365662423477002,-1.3104963067545288,-0.06296008870029127,-1.7797374942616981,0.11731422065880548,0.6986680672702568,-0.20638918400024558,-0.4689275346730919,0
135,-1.9734438574646564,-0.39098289365910266,-0.29484956951822505,1.6841069799832298,0.2724709577772796,-0.7023344110984792,0.40543424590709237,-0.38657327970955147,0.14386373063975794,-0.33885453692534184,1
36,1.2612040909122346,1.0050113615627918,-1.463422519143609,1.0732117433378288,-0.4994809916806385,0.5884417479278718,0.0625512724517299,-0.43243465392955127,0.09839980743765947,-0.46273569161426475,1
28,3.9315059150658573,0.6276290694325203,-2.702755955619974,2.038884862705095,0.3238456681747188,0.27273254296669275,-0.18030943043768632,-0.36521563922508976,-0.014744652179270625,-0.7275035296976166,1
466,-0.41586022184270366,0.21406580482553147,-0.42988792230428186,0.2927646246648528,-1.5090191645860023,-0.4991318064799752,0.20937018155054254,-0.8039997081495347,0.04409544841936493,-0.8889054789943109,0
555,-2.0338699749272333,1.567659792210517,2.0245425799028713,3.044575723428631,-0.12003750986731744,-1.6463200928104733,1.21978679440881,-0.3460027486611535,0.25370782746369475,-0.41687769185707707,0
29,1.6646705546119893,-1.3822287757899574,0.057741402930272856,-1.949071676625852,-0.5487787556344885,0.043623551968508825,-0.14352477920248172,0.2092328127355566,-0.31337188291898704,0.1363819144011398,1
85,3.1810036334047576,-1.5478453090269604,0.05017232045250302,-0.388422487434912,1.273204835494241,0.9479619960093556,0.22336957292475504,0.33662425157818665,0.19136250799596294,0.6825185551917184,1
105,3.202731960610621,4.1445828397625215,-2.684299278897838,-1.1568241621892197,0.10454122221180064,-2.2453519922053795,-0.5944452553007064,0.8704792086319632,-0.053688332523414296,-0.33055211560162484,1
113,-1.301326379554185,3.5421647310532007,1.828363436975411,0.04728740131142851,0.5325717109844442,-1.4103072111327977,0.020828913416160933,0.567529912893793,-0.18800862555015668,0.7354321472956032,0
425,-4.664522638102884,-0.40279464757775374,0.08514342084509156,1.2610233034160228,0.15934914335781422,-0.4350899096863633,-0.9499189315447858,0.16060056849955934,0.30287819069015687,0.31507768066143493,0
485,2.2852023265787484,4.48694339282046,1.933807036952129,-0.9828466751733975,-2.4281758362103663,1.470900492363384,-0.14743162583898142,-0.040107078069561236,0.44986389281508893,-0.16497152269680235,0
122,12.691819407137853,2.3343212277432874,6.150118757344923,-1.7655562037036812,3.3040626952439762,-1.0478600918758014,1.5731969409828894,0.14940343295858335,-1.9797427884565286,1.0321891287897023,1
173,-3.3783628573049755,1.626598467723221,2.7226715042723297,-1.3949893016487307,0.787974356913274,-1.4331862936115187,1.2522222715868738,-0.19383475480992562,-1.4537645210246466,0.11391085800969049,0
247,1.0324489110787816,2.5429050061541347,-1.4063696874837093,-1.198736146557679,-4.111702637468813,-0.22686655828833488,-0.9576778683667216,-0.606663730337511,-0.4121998122468791,-0.6235849331364565,0
368,5.089780915315076,-6.502920044097229,1.135839639778932,-1.79442826937255,0.9279354160332856,-0.8111993727929768,-1.1556222109911056,-0.5369856804183689,0.7474093040718908,0.1635432248048299,1
110,-2.413845946931274,2.6018077286322354,1.7116640355101793,-0.712507670966479,1.3233764358245734,-1.1927355200855498,0.07008661468550675,-1.096260012163416,-1.1475958179750925,-0.565343464480685,0
390,-3.570936435225755,0.8867829032320825,-1.1613429367978914,-2.168761774095741,0.4665401533893814,0.10058799579700856,-0.3151114948570281,0.08245547460123775,0.19767137283987204,-0.1480278148699204,0
407,-1.3762417546791101,0.41269000964473807,2.613878136617598,0.997013635189603,-1.7412259522253561,0.8176607611854091,-0.8083111607150463,0.013323118926202943,-0.434420454891324,0.2440142165666749,0
268,-2.2678207515209485,0.07912162775989261,-0.39652627076258085,-0.36553641072147924,0.8001947517677079,1.7287564182675377,0.3216324957046018,0.09570663709135406,0.1012972431028958,-0.04747481181106926,0
6,2.1607536174154407,-2.5485128417011627,-1.6862647013151801,-0.136396111467261,-0.2149888983580304,-0.04147196365194874,0.35570974862322385,-0.004927781473451289,0.0864866962866024,0.24046499837227583,1
76,-0.7630986629671285,2.029663425949479,0.730382967783713,-3.4141786864444685,2.4327450617263002,-0.7247565152525989,1.0544749948309657,0.32448206266901086,-0.16550112767402944,1.747111577580765,0
176,1.179328368533062,6.997265727670158,4.552740116421868,0.281264686879253,-2.5648556917759624,-0.6110919695416734,-0.5643806073200403,-0.41616009705059864,-1.2009812887036486,0.8105524193756547,0
450,-1.0758905424567797,1.8598942792555444,2.035568521227824,1.4824049875584568,-3.5461225454018996,0.2525816211914389,-0.9627633194026215,-0.5403554269694839,-1.0769364444794836,0.03270416575168168,0
90,-1.6051462259094533,-1.5702559098534619,0.32875628973014437,1.013430586054033,-0.04859452889475732,0.31383842756905916,-0.20174248529273167,-0.05010039909796649,-0.02301971145578533,0.3126835852334913,0
62,4.701693273711822,3.1043781018028125,-0.07442809823175399,0.7161001032753543,-1.1296189816505604,-1.2185042189479036,-0.787380416073137,-0.4910989611909271,-0.03488248741701872,-0.5803278935057931,1
552,-2.890277843447966,-1.4588023061439612,0.8821435912696015,2.8652495381398526,0.370105567171472,-0.5388943343328608,0.8604648109323498,-1.049705420407213,0.27290506541244564,-0.15168330896421073,0
97,-3.841143007393689,1.1616519835214079,1.6090451635541372,0.8394999521821089,0.8268226646903031,-2.515791213955672,-0.9006106506212583,0.099549139403865,-0.9800573480251861,0.13343933971304828,0
520,-1.1894677069138622,4.9621728050547915,0.31696244686121644,-2.1572899715055125,3.9383718894882827,-0.636072444615561,1.1849125174596757,-0.9515879103850188,-0.39051429805354404,-0.236679196982305,0
114,-2.435389295334387,3.3134507148255454,-1.629283387903149,-1.1784450467700465,0.4814956835139146,-1.7480723748201927,-0.38969054612243775,-0.5587746726653339,0.32152193429320597,-0.7618179574697316,0
493,-4.001311067104052,-0.48577800372192953,2.2075947676366448,-1.5738981047709444,-0.01189293651893892,0.41846896341144024,-0.14662032482603424,-0.27966600025195804,-1.2593699038657986,0.6508752383371985,0
15,4.004668685056175,3.060021173969682,-2.9685432442935844,2.6710204962632402,0.241534691829241,0.47006683289102463,-0.9164254766461064,-0.5294927108871429,0.41668813958642437,0.3372715641851834,1
312,-2.104529946734008,0.12098289455130704,-0.017635462767293563,-1.899863821237176,-1.2225439430995684,-0.10701972427540203,-0.3683818804617617,-0.36755184816319914,-0.17132994098087426,0.024056293279501748,0
431,-0.8776493279991398,2.503555307862499,0.4631699363283004,-0.27778945631824725,-0.04760077607904419,-1.0768147546993363,0.10208228067656526,0.16147027555411064,-0.6181251412115821,0.3623251882655598,0
129,4.525999723628678,-1.3715093641344434,-1.1314527313750455,1.299698839131675,-0.32957767852911674,0.7368682349286656,0.5838706890628623,0.8367004112380922,0.1795400915760913,0.8097767282281891,1
161,3.294165807524171,-2.7317708233578086,2.8067463638135313,-2.92664815962616,-0.42406624502955714,0.6823098051237241,1.1138440247371673,-1.0933395142708855,0.20754221202723727,-0.5810854172726158,1
550,-4.641503299114038,-0.7453424353795863,1.6016748083241144,0.6025722846979372,0.9433493690976018,0.7346893624417756,-0.5783312196855512,-0.9920354420909877,-0.8223377043603431,0.21800452699119066,0
499,4.985648457675753,-1.8994059308231275,-0.7635277772092983,0.15336466704274293,-0.5450632350718038,-1.3640924425763938,0.576137219484952,0.7854080417273294,-0.28056156369807816,0.4379261819623486,1
13,0.3143304141942701,-0.9043737277315823,1.779166382569815,0.4999370085481092,-0.40171425583335646,1.0938145178221879,1.9361336280991313,-1.0052633889995157,0.12485407046277892,-0.1294036779654644,1
87,3.465198627080956,-2.0460559385265835,-1.6827680844567323,0.8419724957129672,-0.5364393252718797,1.6326438760989914,0.2191151641927529,-0.5813892471750619,0.3064560929206286,0.34294158037041267,1
160,-0.598041768198758,1.7888772889415534,1.4835791948656003,0.15815343491855063,1.6856520919528828,0.49549678059291996,0.0931601703724648,0.032783377045451166,-0.009905462553310122,-0.34401409681402945,0
156,4.01596045022164,-0.2899591066328323,1.3735831338092372,-0.6648341458111382,-0.0007548867690612887,-1.0057596408428995,0.4179943568821019,0.3612489934644814,0.25104358167441615,0.12437137667106969,1
158,-3.599586960343279,-0.571388847176762,-0.8930753849417692,-1.6237397440472723,-0.28658493937540774,-0.44711185805054154,-0.13311433802533176,0.11147615776622914,-0.07233255310676792,-0.0341781638802851,0
531,-1.7539622492930838,0.8642303062088812,-1.9547001818632004,0.7039703851402488,0.5458081156259103,-0.3106925579344224,-0.44770563584722334,-0.2090921527177316,0.4754694346094654,-0.14256315251937635,0
524,-3.1823546364960076,1.3277571728208453,-0.16664193908383484,-0.38448942216382337,0.1766390186349459,-1.4838757126678486,-0.8223471164410039,-0.34285190093430207,-0.8913516832041616,-0.49682790307125707,0
430,4.908667113137548,3.1416725156138905,-1.5551568365365285,0.7701618149551357,-2.9100623125632814,-0.21663986735711527,0.39462965192247035,0.16851655543762725,0.06263780244336015,-0.6579423481780569,1
223,1.758763444193208,0.27620108567294155,-2.5747328714706366,0.7308040144244322,0.35881738359043236,0.5787615432123024,-0.31839870078704924,-0.2794237472582063,-0.23516633635332684,0.17911914787705963,1
108,12.817260401697983,1.1516134874770994,0.42540350627714396,-1.2343962010621499,0.46850609936768395,1.0913719719899226,-0.16176969193720467,1.025636341023388,0.15819527851207166,-0.9544105243983798,1
187,-2.794603373528318,-0.32371565384261086,-0.34683817018033775,-0.9156258264778314,0.053774203408234925,-0.5973805566768104,0.6473565222356664,-0.20616730286223517,0.26930692799366973,-0.9074028172237297,0
124,-2.1841475211302197,-0.6301977312147891,0.4192141451658099,-0.1348446332427187,-2.8587147350362914,-0.2528947430414463,0.021736388031485733,0.09469338064692567,-0.42302177660305573,-0.2566635754459105,0
257,5.216344357245671,3.992612158301461,-0.8449290256136553,-1.4623724741402047,0.7529119325861712,-1.417960424791918,0.2666402222003382,0.7401535695197003,0.42733022477581534,1.0213801304046655,1
56,4.5289011096654805,-2.1663652970621063,-0.8606034951178808,-0.5619852754594723,0.9736080288493447,-0.10804841977394142,0.34477719512725846,-0.1632102707692743,0.014861002198682974,0.04392323392104098,1
542,-1.3372103094879484,-1.769622476416473,0.4270748046642412,1.7774778831351061,-0.2110730402528465,0.7766494138068522,0.4849010804622733,0.2493504901463652,0.6806071894740882,0.3734162378448222,0
551,-2.0283769405492307,1.284278770369744,0.5918784667859367,1.0853423421065385,0.19142758601188645,1.68694806323038,-0.525865551124138,0.7004982489650775,0.5430388014077577,0.14224727241525356,0
408,2.7110697631096174,-0.9556445907737092,-1.195693798031564,-0.35379947033283,0.037155561702773225,-0.37947550510189104,0.8918929773230889,-0.07233369935024643,0.09004869486326009,0.6952405788379583,1
358,-2.943103926413257,1.7041438323536777,2.5769774883079184,-1.472286286739506,0.23433588074219383,0.4819767544842196,-0.39480721534835495,-0.5272456786002536,0.4974582393698362,-0.11486628555098066,0
46,-4.500606018383757,1.528971546539124,0.13453593392084862,-0.4015974877245597,0.839331214292413,0.49346954514417174,-0.12179261920323278,-0.8610325312914769,-0.01277170170093577,-0.2805440998916451,0
45,5.295454984527396,0.03523120011630647,-1.7180148093924803,-1.4346429070271094,-0.32889182162339675,0.5506190454111084,0.730881245041192,-0.49106244697156787,-0.4143968491764761,-1.0201139706684328,1
376,2.0201571382048424,6.510771871308116,1.6091458849232765,0.13375726741330893,-4.315080825279473,-0.17444112584885668,0.07056076284091713,0.6095543585652589,1.5210850515157874,0.8884534656208944,0
364,-3.1162041320203104,-1.3732473696543308,-1.1359928172501739,-0.5664620638094353,-0.8538874270796815,0.3190238157441994,-0.1455679139324196,-0.3293377965001673,0.14306295419454648,0.26824188706904545,0
171,-0.9773137723509745,-1.6021402026446403,-0.3649979375958304,0.5155704077862935,0.2791481374805443,-0.39257061133981735,0.033427859771563526,-0.3517724784108941,0.5383494355421055,-0.7093678494605905,1
26,3.468609337341866,2.2955904443911406,-3.7737912591950304,1.4942734557283734,-0.1099803531010064,0.7993994799136058,-0.3711752231871793,0.32228394081162876,0.15531555773159653,0.31210403689588645,1
203,4.48853219084233,3.083296995020933,-2.26356297462194,2.4663318652958686,3.2368830270728073,-1.1660915371121525,0.1441013876313964,0.18566964105724157,0.36840124423300585,-0.3326259497197943,1
510,-1.83926055344552,1.795599408766736,0.2650006260176499,-1.3323370988782621,-2.4284221251296265,0.1900945035545238,-0.504051054133848,-0.6324616329686283,-0.7530771660952968,0.10668630167618375,0
567,10.199038446623268,1.7754860009726035,-1.8094966118592122,2.6305403045808293,-0.17867996517777274,0.6214484611082978,-0.36548594469134893,0.4367792403234726,-0.6719430349055021,0.20479649377415282,1
41,-0.07555240829988717,2.259189789196626,-1.8482390323445708,1.544471793630833,1.5764925658232072,-2.089622619604356,0.5254740921295822,0.4330407389660729,0.705513126252954,-0.8099356014989312,1
265,6.352022890239371,-5.885525607998184,0.7535852166586716,2.975373927052481,1.4916177906824215,-0.7897545051445666,-1.8806993938890122,-0.691993874277507,0.854258314799017,0.4975805460907462,1
239,3.2290925341980574,-2.114333407725282,-1.047293202941242,4.439637063946827,-0.2366044459855796,-0.5218402382406636,0.5129303593775573,-0.8508514888072926,1.0792702918981858,0.3864110240249577,1
330,1.767240133433817,-0.11670288011513223,-1.6820991195320159,-1.030240426881777,-1.284272256539035,-0.05425320749953489,0.4781545624219873,-0.034166330341749304,-0.30874781175368665,-0.37594314193878575,1
413,0.11373475177288846,-0.35119959696178865,-0.3576496590851025,1.4350944428405514,-0.8751884102957428,1.2054357655272463,-0.23965083188510508,0.21147742249650808,0.1721133818350412,0.5037656250333242,0
540,-1.610281890384578,2.4215035157431846,1.6137839886343348,-0.9400531962674247,-0.3290683732199236,-1.278642830843261,0.7150000848275601,0.30419053952900676,-0.3545762678518664,0.3471330444224412,0
226,-3.8292832450786736,0.5985034317968373,-0.8714851397229706,-1.0909334671170057,0.8402311169469886,-0.776910842630607,-0.4320945768735631,0.33071109099752466,0.2703564859314862,0.33070139623758765,0
163,-1.2918933826888823,1.465923146936842,0.9532886284235096,1.1070753594266909,0.11365839383632745,-1.9407667538219595,0.1981188335592484,-0.43009050073186195,-0.7276420868954884,0.16843327986668602,0
242,1.3069835387356783,4.869320224360287,-0.40326244414284823,1.0662168204975986,-2.0691690218522343,0.2876847514602769,-1.410674059632439,0.37111507604918875,-0.017379739017380758,0.058998577251355586,0
316,-4.695222608211775,-1.6865618092116732,0.17553779192885513,-1.744915042692231,-0.4419945480413829,0.747911638904703,-0.09832363067097553,-0.13739664875328597,0.1286714900454866,0.005873409346565663,0
326,-3.1051946546396967,-1.6837129001688043,-0.05676156931668851,-1.6524526384280984,-0.3557381872058805,-1.1774488866297916,0.14076960349598366,0.25580115878313764,-0.829966902568081,-0.05555391987640772,0
89,1.241941319167882,1.1328781844954867,-0.11153812059075562,-2.036775732083427,-0.11264856320465229,0.8260516976691299,0.1533252497897766,0.4392145317876763,0.4704089802672667,0.19219084969174977,0
482,-1.2377525868167225,0.6224226276187916,-2.2312323495814135,-1.6718964213586165,0.0598022920008911,-0.026763357178177048,-0.06576683902524122,0.5082215559368379,-0.2600087538003539,0.12381444108945727,0
236,8.176454125833603,-3.9739199096315643,-0.13246735691275946,0.6655298353033646,0.10396911160619214,-0.4082570340617656,-0.4223621321821462,-0.768020545791501,0.2550821628134622,0.4845542456955688,1
235,-2.3210722989888355,-1.3176710572342611,0.2813184352520835,1.133171460567288,-0.06700624429425915,-1.2428205909899601,0.3214694654685831,0.06431137952227976,-0.19993257770221673,0.2790995900238528,0
288,0.4220425258278284,3.766149838965853,4.77993399300733,-0.26467782873896323,-0.48217698020754957,1.7846375685685003,2.649572276215453,-0.7372709439018582,1.2083821948572073,1.2326323409882631,0
504,1.3712127101875151,7.74230277575682,-0.7131652156352641,-2.653116424009198,2.110022827829948,-2.3932377430885996,-0.8108764021974304,1.4266981031961345,0.42467493956773184,1.0463381664849445,0
214,2.4751740406400033,2.6363059221642517,0.31323308282614604,1.9792738868070068,2.1065691439561602,2.4410846827075168,0.9297589810521271,-1.2056106506224908,-0.9412952209642469,-0.13625994320732934,1
319,-3.9914939575821955,-1.380101796166855,3.184254156000661,-0.2637800923546771,-0.014493842292133323,0.8193061008423157,0.07719269890640176,0.8152264882777982,-1.2653966114089574,-0.5931647487708135,0
209,-2.0390751056822,-2.3043359681542563,-1.4477183854221793,-2.0163543911396022,-1.894047080076747,-0.47042048988746515,0.03330274293185342,-0.2141333754542611,-0.473951326563978,-0.38332608655921613,0
117,3.0804600920328706,1.6774396309221666,-2.617448012900476,-0.46443559593090994,1.0157410713350437,-0.7290873971123563,0.24003161530614492,0.2571662440591099,0.238051798920534,0.005197530130488671,1
286,-0.6854083077925056,1.754566580330441,1.1784418497518976,0.8108131259732555,-2.050826421100358,-0.37650102416089537,-0.7651526244493092,-0.11410314216984917,-0.2314336865081917,0.3921077789525621,0
311,-3.2915548094280593,-3.0242681075385516,0.1355220368231748,-0.9074656311368527,-0.37926949928398096,0.6313500317711765,0.17829202377227757,0.011030731030791378,0.12546550377178042,0.24739597202867897,0
44,-0.30515874853136576,-0.03137707649513583,-3.2219770835681425,1.051700550399057,-0.1406533380660378,0.16690903931690035,-0.2588240600602459,-0.2988494425755741,0.38424900164703657,-0.4570441567526496,1
461,15.795526806495877,-7.447710532390724,5.532161067754235,-2.186741394204052,1.68847645241796,-1.1936679380978539,-4.3937478442612665,-1.6472310044308562,2.8450460587487507,-1.1451364283291248,1
140,-4.937382065704341,0.6771907566875227,-0.831577866176369,-2.2716693046264873,0.971859213856108,0.7822041723055126,-1.0600869677437732,-0.3466134995775987,0.07137632238492189,0.6223502267030778,0
150,-1.444213744404791,0.3388273143418688,0.4921278029497118,-0.3428368252665928,2.7247822369209227,1.4399027629026582,0.850167670131735,0.6408721996768845,1.4542649385538609,0.5859336578057774,0
512,2.190198484796664,2.0409379956533003,-2.2501895050260163,0.47040056713865,0.4424563570807132,-0.1460908278921053,-0.4326026257682738,0.4157821995698761,0.7148704620445325,-0.10675441371875094,1
365,2.6410097373291546,-3.813735603769084,-0.11155086305034838,-0.3333947767046297,-0.40636762191235926,-0.4617395597241383,0.8438927121632547,-0.27207901854969563,-0.27570861077161535,0.31659920932260077,1
204,-0.7790844811820732,0.7317533728975896,-0.6148743133013298,-0.2160092004686345,0.43438733036268284,-0.19453266060183805,-0.14265048452341317,-0.029866422750616402,0.500834287512667,0.018733984756572737,0
426,-1.255606040740001,2.6318484688324912,0.007380335702535788,-0.798349344828716,-0.4527847348915238,0.17241023809097286,-0.5682493258707034,-0.030597419253256958,0.30542209489808947,-0.20713694499533966,0
399,-2.6950515729804625,-0.14333483799334532,-0.27262195005546347,-0.12499785957082725,0.07900575766440683,0.08642623177518045,-0.6984288072364935,0.13335546125622522,0.5435488361269146,0.24057687945752734,0
264,1.5462698705941789,-2.35074424596424,-2.02057526885742,0.4044604579944163,0.23700386135507295,-0.12308112418733165,0.7491339686582642,-0.24727947449819174,0.7270617980269394,-0.009618175911442957,1
69,-3.2116932546044095,-0.8755624911597623,0.19479915437043685,-1.2216591720690635,0.48249240191166165,-0.41609775581626574,0.913409308476127,-0.20863598314162152,-0.15804073280418912,-0.4758740791647608,0
532,-2.659924962849933,-1.3655344363353115,-1.7393831658814216,-1.0945404303868602,-0.34214405346675114,-0.2075112685520974,-0.3964925334211988,0.0267139445496142,0.2124961358613535,0.27419875465466065,0
339,7.141216445596181,-5.070142602818777,0.08226831767214401,-0.37237012697181937,0.48167965620182857,-1.146130821140582,0.08352551375856013,-0.2589080561271718,0.10511518846985235,0.47309450830613403,1
106,-0.7256991258960843,1.8162409456473692,-0.5187919527469002,0.5915339093751852,0.8834356276958975,-1.6185723424563416,0.5225194533215517,0.4369872582213808,0.34267736123868586,-0.6074391771139184,0
289,-2.981498071450108,0.36911098455662555,1.2804856601970904,0.6186798544022319,1.38704119998775,1.899546739430685,0.3414233573363057,0.6239233982735338,-0.14748061205063837,-0.03715288071370704,0
378,-1.579518072384845,0.4339334686801158,-1.4636160683863422,-0.9699741835247718,-1.2510946424394187,1.0027319614690513,-0.2580537501473422,-0.7665819567565707,-0.3497609006949293,0.616650763509545,0
398,-3.747789529942394,-0.2014046270084393,-0.9647983061020584,-0.734182807809533,-1.4731582045738902,-0.0158471018003039,-1.2934335953913174,-0.22204953441618044,0.026734496728629376,0.0660971167536985,0
48,-2.1033458641329816,0.1895010212856618,-1.4771451260115294,-1.1751985589842373,0.024376360801338325,-0.7028175358847599,-0.26299218122479323,0.07256233026651693,0.16375410206364174,-0.6337750818333833,0
259,3.6100680393104905,1.085179296924463,-3.354866509329026,4.9894091715106255,0.5333733843628864,-1.041498765702027,0.09332608636264249,-0.28948260442107837,0.6599536939348819,0.22044476168867563,1
558,-0.12314158467552466,-0.14055738130749382,0.532426515550824,0.9045539337739466,-2.9298439945882166,0.05244792439686438,0.11872089832871408,0.2518267953214773,-0.2042425276258363,-0.5243340343307867,0
227,-0.39257920221612724,-0.45329409200176324,-1.2800216756584686,-1.232864647244502,-1.7984855129920048,0.9717250641527035,-0.05212376568262754,-0.0711844792808885,0.18599619636384532,0.3265998721151344,0
342,-2.0234503856868002,1.8850946439442744,-1.1132258891058577,-1.170427981566298,0.44200906784220745,0.0777417432074025,0.09729759056143128,-0.15546576330916378,-0.20000337922396202,-0.4314779562826004,0
241,-4.438567524791364,-1.6339416725856146,-0.8471734393696808,-0.9265288118283185,-0.5846152617318942,0.9675177986798565,-0.3192065884427504,0.05686022318302293,-0.06509051970689905,-0.062327077475601234,0
367,-2.2030294219939277,-0.2706259423564748,-1.0603076094778074,-0.2550413765364336,0.21094527967918353,0.4071173279922116,0.07928750843890325,-0.5359936744448246,0.18446784827970564,-0.5818429862696007,0
388,-0.4567824807720406,3.805984415434599,2.188513670322547,-1.0655053178982339,-3.5413739563245987,-1.054972697363346,-0.5700547633607395,-0.49490706645395804,0.5260305558301044,1.5066123942790846,0
471,-2.081373696305315,-0.9345442047632618,2.8644144360708084,2.8000146528823624,1.1080721668029856,-0.002979555785239903,-0.29303960655276123,0.8334800980114011,0.7524635230646242,0.11801771047572784,0
452,-2.220483746111261,0.015454043853995436,0.802414878274639,3.3044177997258855,-0.4467789428562642,-0.5101075119593522,0.051568818428820704,-0.3184390981964881,0.16353195984464974,0.14049591010652213,0
305,-3.0699473969194546,-0.29816679772732607,1.3680598660870542,2.0923375835463855,0.7047829233612433,2.2744977343270496,-0.05676489019006075,-0.08144281078852773,-0.11305318761754646,0.13361643830023248,0
361,-2.4847949971239083,-1.153587832761358,0.40972905774915636,1.159844438066285,0.14428079932668555,0.5068817472895089,0.08587031118893165,0.39753810988257376,0.1689245959013018,0.15545433844034848,0
243,-1.8798950531507426,-1.5168274324285127,1.3029938511582022,0.6633037377794845,-0.6330832628340493,1.581832276702223,-0.09452655192469056,-0.28105615424317587,0.46692203078078715,-0.08686927929735155,0
146,2.3844092498929204,4.904318122010136,-0.9512427135704208,-0.2151705865023589,2.4042727009901568,5.048888737415231,0.5237743881955693,0.41910762144629526,-0.3638261254889923,-0.536393903943789,1
516,2.6210005098907794,-1.82941466917064,-1.024234017611391,-0.4279829868591103,0.4398408344796565,-0.42124583200735477,0.5750781784972082,0.18588000693183646,0.025280459693038167,0.23334432187075968,1
423,-0.37892005117276034,0.22159343216432384,-0.9042807067091363,0.11839412257574934,-1.4862651206813802,0.4794374713977556,-0.05245736422540821,0.4854028723566522,0.33741816616486797,0.041362171028966194,0
224,-2.4666334753530985,-1.32152930857806,-0.28992067642090547,-0.44860879567171463,-0.6648817903709275,-0.4341741455766835,0.11317970843987345,-0.3607773904208991,0.12322461352454454,-0.3827963123219413,0
96,-2.5670695121817904,0.25540462476024783,0.9975722535564516,-0.7294976992339888,0.6175598877520821,-0.18015619429349147,-0.030407817278386137,1.3543112088231868,0.5427262333127332,0.18920740405691394,0
535,5.03849730751133,-2.237125875687425,-0.5408356036595581,-0.8220542841033037,0.09249134135608403,0.648067795994315,0.4663346323493822,1.0574988156892569,0.11617129355577453,0.5398238510037531,1
446,3.1497618571449997,-1.691248182281283,-1.7331766677883833,2.533418187156854,-0.7529694429717981,-0.48183413269979924,0.4201226748820358,0.016235145778825108,0.16591704526117368,-0.40989146142813865,1
391,-3.5144048646159405,2.586807684213012,1.897403480001552,-0.11093018996348418,2.6263171445569093,-2.118500321016927,-1.1408213548346045,-0.49019938556503606,-0.5161253060746929,1.4664301174904377,0
104,-2.662692217198928,1.441010677262416,1.0045607946937434,-0.040485912499821294,1.3755028553447675,0.8138010458398941,-0.1753549407190682,0.4829490905459113,0.6502506806499255,0.4667630616728283,0
234,-3.9500926568396313,1.2261035619672775,0.2567420570878756,-1.051212154360546,0.6629771877902982,-0.837009233402155,0.46273053608059167,-1.54743144529335,-0.35782580775125905,-0.28875508162945723,0
328,2.2009799562363064,-0.2814736568735694,-1.0959718215831318,0.3049755650951721,0.8688470315221467,-0.8091841208250762,0.8783917854977121,0.6343912072773016,0.42710169287938127,-0.13886500593403178,1
285,-4.103368175031264,-1.3338634123273183,0.8921575981755531,-0.09572471592584228,0.6771816298497804,0.737276998978273,-0.3509757103917532,0.08384742713878113,-0.5251787857263865,0.25401027197587656,0
521,8.426487304156455,-3.2638266867536068,-0.3825587621063563,-1.0510138507325657,-0.12598719515384627,0.02323064697759374,-0.7852639685750535,0.38612737774318845,-0.7313350699048653,1.3548979678516535,1
424,-1.816547870977758,2.5521065923846646,1.9553930006843323,-0.44479244705341986,3.6797237442098107,0.3321587902272493,-0.3748699964431378,-0.31732069799850987,0.980134366337291,1.029211032363478,0
297,-2.394337350568531,-0.7927751975683531,1.893637595087311,-0.1562722661002014,0.5878117407641456,-1.0841407851657396,-0.663520085461057,1.6044505490926269,0.6728951801456728,-0.6855066344019739,1
145,-0.6737908753784736,3.763525707066941,0.6908232561869521,-2.21521296200253,0.4996953570253176,-0.5507336722462212,-0.9925192313385948,-0.6658014165536766,-0.7834672229977726,1.4825742257520684,0
317,1.8388632721422735,-2.243662096537899,-1.7107706887092604,-0.7089362960375514,-0.544406687848359,-0.2906078440002342,0.656623796820169,-0.03474046389270821,0.11094898954013564,0.31739004641053853,1
437,-2.1122439530971326,-1.0996529351443347,0.48894820236890346,-0.9618425424587842,0.1570615831813158,0.15243686271258344,0.12062232725777741,-0.3824042574211495,-0.15347525752395447,0.28185888290733185,0
79,-2.0042445505950686,-0.19158926727095302,-0.616367308952954,-0.11569504657945089,0.04245703542859005,-0.09811508052189227,-0.08185158025623734,0.3098209808464964,0.058641745386479004,-0.15716217621234563,0
401,-3.382884982391906,-0.8899941982149557,-0.7189969218847343,-1.4632240197960371,-0.24682856823282995,-0.71315959392379,-0.0016758900597584729,0.21783577473412485,0.0588624239899551,-0.3901246364215131,0
338,-3.0271103508142443,1.134910978987362,0.41988205173253745,0.5796989816004958,1.4804618237634979,-0.28497766651508677,0.10053543222346846,0.8514709834097972,0.1552710477276419,-0.26549854268054657,0
384,-2.271048397044703,-0.7914117974905167,-1.0719039031997182,-1.5769173784823314,-1.5539039075047927,0.5305979902987144,0.013684576356989518,-0.07331341077279016,-0.05934653647054602,-0.3825803359262824,0
279,-1.8552317570086716,-0.7934048184063315,-0.8710346142817734,-1.0729757603738297,0.20932146648046154,0.9024100848935898,0.4670015940029094,0.8415295342164587,0.8942827789544251,0.5092688583006058,0
0,9.044076587314231,2.1798564561304894,-1.3231356339850884,-3.404680574188286,1.143821853352306,1.3096162295988147,-2.2067976179246305,0.47411004111748933,-0.5500378113048754,-0.12554249249125,1
372,3.5653119505318682,-1.8155480231238879,-0.8487862850031958,-1.369946368116846,-1.1175676902613951,0.2891448024484106,0.9560176761167013,1.9252491918570183,-1.1333238245809356,1.3052568459482827,1
197,1.184427854649731,-2.3288110255313934,2.499569581349424,-0.011454719994749988,-2.061532289897123,1.2098665271926814,0.0028516014150110343,-0.1558683584394243,0.05203340194061099,0.602465920927383,1
95,4.259918970994337,-2.007354892358199,0.5535212189579608,0.8065319135426771,0.22191801921916807,1.7753767875948996,0.0397156466706126,-0.09449792548571422,-0.3654000391028395,0.8226796477477591,1
382,-1.5410330136977455,1.0311252314507813,1.4099395792274263,1.619932763894635,-3.3536446007982414,0.27035813284288907,-0.7195885096373359,-0.09346652080357748,-1.2937490358774595,-0.3986609754872825,0
141,1.2806114502937704,-1.1716423608353232,0.4745680868283106,-0.5863054704921002,0.4639907641645651,-0.21858142882634915,-0.4996841378797335,0.2719606168966221,0.17742569601626287,0.13134450438149733,1
402,-2.0063984496725213,-0.20880296492967435,0.7239541255158466,0.22979048102370783,-1.071719280203339,2.3618843715803317,-0.35995812325674126,0.1842603461323838,-0.09259353623607594,0.21342755663538263,0
84,-2.1504795899978477,0.5686181562802824,-0.8911722243787209,-0.23438301362199931,0.8591673538228333,0.8261595336364073,0.1779478975399977,0.31112122973433437,0.4770315870664146,0.1710947434068765,0
313,-3.977559638930416,-0.09572354244813931,-1.2987856016599728,-2.557899200716362,-0.22192695937673304,1.6160521690989067,-0.4890025585530315,-0.11442535046401166,0.011620796500394694,0.23038619477877043,0
166,-4.290138119429821,0.1189442294813027,-0.9519848094085087,-2.9354771278572462,-0.39414730150813415,-1.712244862612698,-0.20955632885254508,-0.3371339337589016,-0.43083681017050995,-0.5180401662551118,0
496,-0.2065915714762555,1.6114204023283583,-2.1584925052904738,-0.5295793230028237,-0.3115387217541471,-0.5937327924698571,-0.39336397769903797,-0.2389124837849173,-0.3937127532336406,-0.5622507233555577,0
369,7.065568552187913,-3.466840251842652,-0.3748636720534146,-1.1522750458644095,-0.43482269608433566,-0.40046613366747724,-0.7630760383569989,0.5129122536719977,-0.018609820810213534,0.20863134544445688,1
460,3.3495281443264524,-1.5888630118632887,0.7449929456707403,1.2209635062817326,1.3193097854505662,-0.9868779961506312,-0.6422829236781993,-1.4266610636136658,0.6345655814925854,0.17318423201421293,1
435,0.6552321754647709,0.5230897353781938,-2.6183632085164605,0.7857195351370547,-0.1286650378463708,-1.034302266636883,-0.008921575933017512,0.13122334050905393,-0.14965289097171425,-0.4359238756214217,1
400,6.222188266949736,2.1526607229188626,-3.1171126587776166,0.033362569561534786,-0.4013193518413655,-1.184476678707316,0.11363684056527647,0.5134979828965174,-0.6975451932559624,-0.12018992201934882,1
172,2.798332645595699,1.4169467849033175,-2.2047610358748,-2.6304541722991974,-0.06700705746265856,-0.5561628168367073,0.06235032453677593,1.2191216066022248,-0.12656166036816083,-0.3854911293454774,1
434,-2.1776128257629916,-1.7003506085814346,-0.4286034103119915,-1.0660938736315484,-0.5640836797219606,-0.1447763111035493,0.31232146084106127,-0.2588404101094768,-0.1683849590577607,0.11776241911900975,0
298,-2.791323710471191,-2.3941023567316764,-0.8081687356744817,0.1253391924607379,-1.6381634838384018,0.9130319592378681,-0.7735010376399857,-0.29849342837849846,0.13496960744116127,0.5579680943314654,0
484,-0.024187193650233352,-0.07779158296143432,-2.2494949133660778,-2.735768252898636,-0.8931113866662903,-0.8845421375581568,0.9203144100577539,0.5057563370929379,-0.3040131360687498,-0.11869181530009137,0
168,4.9200765882980155,-1.6763883008620812,1.0488396427819977,0.7306623835862455,-0.6924539634574195,-1.9674086372441755,-1.495943688323059,0.2016452665958673,0.37599519381975577,-0.7297457927236981,1
121,3.244732013638023,-1.21608767026172,0.6145104163263506,-0.9708485814376671,0.8603612230612073,-0.5892428515097737,0.34632238916352154,0.5175703201204122,-0.06152826167480296,0.4324024628414198,1
240,-2.201272639012004,-1.110807310695309,-0.21619051489155716,-1.5766084111216068,-0.016101896668877094,-0.022860946425970755,0.7295202657254588,-0.1300158219768037,0.31101251895644566,-0.3122526763705131,0
217,-2.7624713702847026,1.1314146810790486,1.8092876883658529,0.3892177449158686,-0.6343174884161353,1.6275644290380846,-0.7951722778177435,0.9903407289435765,0.6151465858667605,-0.14020716345613027,0
302,7.0024619342833105,0.15375554691011228,1.8884418738047504,0.03415887000386868,0.7011177774505251,0.3558728674378233,-0.7611848419154686,0.620917450630219,0.320359619395214,0.5237812253959754,1
31,2.85702891032004,4.134553859392929,-2.906000025705353,0.5187528904919975,0.7727476928669057,1.0913157010580063,-2.027599814337629,-0.38801601206950725,0.2925802969237999,0.05628382061348431,1
278,-3.4878577298500812,-2.553521072720875,-0.05550767635743122,0.15514217455512297,-0.5241207317632007,0.21088505903335042,-0.2066859772996423,0.4830005239252771,0.22827500567417686,-0.06169713500510604,0
271,-3.0952089022063975,0.5180899618714893,-1.0959393519063048,-2.042588791546616,0.08174554419939112,-0.30668718680086093,0.12508382967010467,-0.03776345346154282,0.26395438182684533,-0.015634590478953388,0
115,-2.0210241769864212,0.35725533509083846,-0.47095330490014403,0.45590030255402536,0.06532516561574131,-1.3510967380015597,-0.2415568598456344,-0.7230667820142093,0.3424874858131471,0.17084477369289483,0
396,-0.49687665398161107,0.16449624687625874,-0.9821224706205292,0.2938901000415594,-0.21715153078474972,-0.6905361778936134,0.916452976536983,1.0077937826784356,0.49010650066977873,-0.5627153329972971,0
237,2.5427333785644364,-3.810736406720283,1.3161752814044179,-0.2988397026547264,-1.4539166571989952,-0.8237152606657432,0.5723514423130371,-0.9575490632800628,-0.2604299900151142,0.3282801321517516,1
40,-2.165066016268789,-1.8272706858834942,-1.1187345241480005,1.0377668491787058,-0.499226935181746,0.9453877831921184,-0.073256903848222,-0.10029361693636454,0.766534981227701,0.03043042334870101,1
53,3.199441159581729,-1.0456737046171514,0.6787584880513287,-0.948691662513063,1.1470164008190251,0.640248881477635,-0.7495070749190982,1.6158493629554516,-0.221756569922165,0.47695773892714766,1
409,-1.9678571780225107,-0.13294511187504338,0.47281080932054637,0.7171570005265783,0.8685518971088553,1.5489899612649485,0.48313941512343583,0.37368900125822724,0.23420607317275646,-0.2669412939698371,0
1,2.291974097083996,-3.5826095082764566,-0.6085353628607993,-1.1415559996422122,-0.738632781568246,0.06086779579912584,0.18546882495987968,-0.22364525587097922,-0.14159682959540895,1.4171749082930136,1
195,-2.799833766837788,-0.8632192544354552,-0.31546886431936105,-0.5812472502726703,-0.5218476922121671,1.188206426669295,0.2933388326083802,-0.058699941181150996,0.34179626053213263,0.11317197425971968,0
389,4.595173295582644,-0.1698567586745035,3.762673711685705,1.0000709888243435,-0.2940543919562112,-0.2093317138413653,2.532003243828364,1.2822858167008624,-0.08429473274600391,0.10942612675706782,1
66,-2.7353431223491396,2.2737125064432693,0.5635531013212773,1.595796579784035,1.6662445755606263,-1.2908928691162012,-0.01909141460244899,-0.031146973186299946,-0.28876412576435306,-0.1926065996739076,0
157,-0.8162727904014053,-2.9908845841440197,1.4614439384529203,0.8227269367199376,-0.8728268370515846,1.2523776247224538,-0.03308388127772924,1.352427749213958,0.20670703242665442,0.28508459286063925,0
256,6.2334467072642195,-1.711353820350455,0.43042528704081956,1.7895834631584104,-0.6185393221934075,-0.0812374588000625,-1.099229070442917,-0.5436757561177452,-0.37566151072664966,0.6998221922391359,1
119,0.7685228948556283,-2.2123762928940187,0.5068109238770458,-0.02884201922356924,2.036230136593999,4.980601946236571,0.9363454511657933,-0.5588005821634494,-0.5846671745701831,-0.2348735528224541,1
488,-1.6879324952599684,1.046441835195313,-0.10965087172226917,-1.0802168990657401,1.4488474495726695,-0.8970168457531384,0.46970216241803925,0.05476216244840143,0.29977221863653686,-0.29413943621903804,0
561,-4.865755855993645,-2.263220097586341,3.5200289933527156,4.902304160525791,0.5745522632768564,-1.2445736467568183,-0.7122354505504557,1.701617579390361,-1.7872218928583583,-0.9697775133107164,0
27,2.9699054222075034,-1.7955449738438,2.4970657815531685,-0.18049261567394712,0.13465790524937374,-0.888919348378396,0.7740293038434901,-0.11872720079400202,-0.29270605666182814,-0.29475925676963916,1
494,-2.783505596311217,-1.027749339761387,0.921959818942903,0.9915562462073435,0.0705742021920402,0.4882351202598334,-0.3625756685960721,-0.5341710401836214,-0.391664091887653,0.4773068039574824,0
508,-1.1479509553804432,-1.5348804092343176,-0.7346725687274999,-1.845117467144614,-0.788273453199861,-0.7473618204527737,1.529893825554371,-0.24720759561399275,0.16958815163238064,0.43105622034455776,0
357,-3.170781527351457,-1.7899472747229495,0.10787317055409947,-0.10977654073957334,-0.1711676610573995,-0.535405729291593,-0.1826843173877979,0.46080381352178573,-0.6076706143912421,-0.039454414025686495,0
477,-3.159538691682036,-1.9444320942250657,-0.902111050853884,-0.5186988836071172,-1.395569603305183,1.2918320049891237,-0.5873318016508461,-0.14636165357926414,0.22323100296058032,0.857177709019742,0
175,-5.253762979170672,1.0836128254842436,0.356613765863978,-1.5025084315955786,1.080323326875812,0.060807583457321526,-0.9682464897091296,-0.6655514344835272,-0.5549958379736573,0.28596643989532383,0
331,-0.5238700027539178,1.3635504446653524,-0.8337910635805865,-0.4647944374623538,-0.5311363712868862,1.22313020938645,-0.4054498809980275,-0.88360722727093,-0.3169828078178611,-0.3243015257093556,0
519,-1.1574136270189068,1.078484329515256,-0.7311944014479405,-1.0328406078585841,1.4254797153719956,-0.34045531663875717,-0.0808158929310299,0.2787939942446156,0.6451411777996986,0.6459150192365086,0
43,0.9670244314591179,1.0837076879536074,-2.27335669437857,0.36442331912352804,0.5452846552404379,0.23124282276263022,-0.5724430562484581,-0.08120714329833562,0.27313825705718303,0.06661056034666055,1
174,-4.594919279506884,-0.20571560454436214,1.5525770223550146,-0.6677646882771261,2.029406875069286,1.1853711974838619,-0.3560530854804632,0.4894644099550598,-0.883792936515044,-0.012966635223678514,0
233,3.188785033945085,-3.8457636881649835,-0.21341484587132425,2.093195825557824,-1.1249463714153305,-0.7953567709909722,0.17695403190052314,-0.15842060086765078,-0.5100361552686774,0.18649028333659232,1
126,-0.6682799522941286,-0.8471848311678805,-2.0650135837157655,2.1522336408245724,0.28298565711086143,0.20358036994102538,0.04836852522403307,-0.34593780547455116,0.6588361977077901,-0.44986116229636236,1
543,-2.3887246003590823,-1.685640558294916,0.4642964404702598,2.9293520163079956,0.028478872974022837,0.09182440731836575,0.4083092107805278,0.36988247061291163,0.4020328535357467,-0.1835390899372814,0
565,3.6362247086056705,-3.5512903520269625,2.005876334181573,2.489725692612851,0.41196546364849346,-0.20164588928556315,0.6544509935938807,1.2577278520751896,0.0905304006480282,-0.10828032649600222,1
18,4.803132047342816,-3.9550038205671396,-0.45543465249286635,0.09953145141702814,-0.1495369040134551,-0.9939637072978791,0.4268236874664479,-0.6197844903092165,0.15015508753153162,-0.6590535387217018,1
78,11.499573674780207,4.774315075754476,1.903797052082656,-0.07305490237277684,3.4444577222600077,4.867532347475446,0.9729812067517463,0.20066169030056605,-1.8757053477876147,-1.0454086775273468,1
307,-5.318309390323725,0.6240704045474346,0.6343247007905315,-0.625710288682022,0.5796484405256267,1.2988564689406576,-0.9833317116830858,-0.05946548030934681,-0.427062856892249,0.29043644080846454,0
366,6.072303768678212,-1.3317141586741559,2.6293675509291234,1.122860466532722,0.5749997437893163,1.0651909204112278,0.929578020682624,-0.1447795678471576,-0.49458277647759824,-0.5541525543330476,1
332,-3.1457667029449965,1.056767559957767,1.6220556553041108,0.4112068001942183,3.5364933709412036,0.7698641534327311,1.0333184394970103,-0.6247115273468876,-1.2508244867244036,-0.2584286416816472,0
138,3.6952608841983228,0.9318227533094474,3.429656081005575,-2.066949194051845,2.3094323029427204,1.4914849790036435,0.6347385675803857,-0.5188646033643541,0.39254878370219365,-2.5398744069391235,1
421,1.982121710516404,2.400021736532464,1.2437655466813455,-1.7514644694473114,-0.0030102689299322982,0.022847496109478088,-0.38883912772921736,0.5740080677687889,-0.7841193467521406,0.4496094057010467,0
16,0.18547089005720827,-1.4815186465665189,-0.830680609632537,0.6341517162374062,0.38053274703437967,-0.7170550504765377,0.15456711520982913,-0.029426099666365356,0.3400056644808838,-0.6312873859426739,1
397,-1.9073849148573356,-0.5665379475087201,1.5115002021767963,-0.5640887078321712,-1.9374125220928218,0.18211165439404337,-0.04007000606874275,0.5108298082551787,0.0406232136891028,-0.3552925592207674,0
102,-3.439858303699892,-1.3859507831310998,-0.010262135533944634,1.6069339142759091,0.10327502600009486,0.3107659214973289,0.162718842519618,0.5152262777337409,0.5541948359111298,0.01492487506190323,0
481,-2.4937628422586675,-2.2589291959303823,-0.4024691011619765,0.2645735917925603,-1.0473164134333632,-0.04047644665213705,-0.5750868023749797,0.1002602479227674,0.40407820339187883,0.15812408422409802,0
380,-0.8805886466736091,2.3713561535314924,-1.6096712476008472,-1.6233257788559798,1.3834605445881216,-0.4500301046240857,0.29310420898187733,0.8051559292461052,0.32271365419385645,-0.2631318310880419,0
194,2.5955456534331858,1.623414609938676,-0.12219773463288591,0.5128532373864907,-1.0883506539021213,0.08927422000942294,0.8466536214006505,-0.1978173876157494,-0.6929513175889837,-0.6941483456081212,1
249,-2.445681578752006,0.5362494846166773,-0.5852834805748298,-1.0484672650803843,0.4389913437596158,-0.40785427150470616,0.306039157125773,0.4341574462633,0.5848246557770534,-0.157714789762848,0
19,-1.2070889011164772,-0.080897006915469,-0.5913530990872414,-1.6484357548543176,0.42035437891653005,-0.004791073349113449,1.2647712215789322,-0.2788792752230289,0.2827250160293595,-0.2044816086434646,0
151,0.1129546600458729,7.164638429049693,0.27134525450077274,1.9013279160576868,-0.5759884977624627,-0.8249469985312397,-1.555903033412904,-0.6161229240442107,-0.31820295055368336,1.351557704876723,0
261,-0.886969692010138,-3.4375081175620337,0.16926761579727126,1.1540847727173884,0.027772409897787582,-0.38007617911375857,0.3789959738181747,-0.1655525358005265,-0.15272077102410092,0.3396479390610915,1
356,0.3622200787853445,2.164036008253257,0.7757746326210402,-0.18384178801781031,0.15573397927937016,0.5420114480369038,0.9447483324377989,0.5617792892730294,0.09446711046310143,-0.010029178542253762,0
472,-1.3997532548309317,-1.6001711089785244,-1.438157283611418,-1.4083322923671688,-1.8325866626335001,0.6189524335675594,-0.3841693864751397,0.020285236986683556,0.04564274365844999,0.1868879855387313,0
293,-2.835391191167282,-0.20311551632612632,-0.39556686460747886,0.1721543535833207,0.5553152558841599,0.4115434767185116,0.6989798238344509,-0.2958761299411288,0.3407758473216412,-0.010305463023786954,0
206,-3.384907563535944,1.3241746567403991,9.187775630443489e-05,-0.36840600965038595,1.905664198380841,-0.3951676238780865,0.5516767413799555,0.02374861874987586,0.24513011970989929,-0.02801399548574382,0
478,-2.175596831765738,1.3548682815177087,-0.8293979979259448,-0.7483980643358008,-0.16159101061479783,-0.10280897070309178,-0.4455616533861313,0.6745495443271526,0.17118133028808769,-0.3715170766910123,0
134,2.0774148950736304,-2.7233362960461434,-0.6118682605334236,0.6555853519476562,0.32903609572461967,-0.3274999824298998,0.21716862213480317,-0.22838673852485164,-0.025889028903813966,-0.06645583354797573,1
465,1.3398758799867745,2.2502701268083443,-0.6228745639946378,0.6894833598944298,-3.7800998856798964,0.16866958295672252,-1.5588985809501559,-0.9917609904204558,-0.3814005557918472,-0.1611077164768896,0
489,-0.7904139682804114,-2.2981405282751113,-1.9158046010307694,0.40519078778969575,-0.35685548463837397,3.1939128511715285,-0.1723402975252289,-0.962716046076959,-0.1024470887598098,0.642634008086944,1
557,-4.0455773408907865,0.034285623399982,3.306018760880964,3.3408649282511913,2.4135385311463593,-0.02703088811267959,-0.9546502298174487,-0.021115043595338716,-0.7210248092045859,0.026120793430765805,0
518,-0.18742674483247437,1.1138514336092646,-0.7396060989966964,-0.5842533301661276,0.8340587022839796,-1.327820212987733,-0.7025732808499696,1.0615340024361894,-0.15816399417860852,-0.3079181631982304,0
23,4.058016622899853,-4.9887279236362305,-0.8755386030536666,0.894616037370046,0.2346985455323312,-0.4953627536121452,0.294494001453576,-0.08865880420990256,0.07596201837368498,0.8525831621889793,1
490,-2.8909419557967078,-0.9270276644594314,-0.7175927310813293,1.6430195996889552,0.007716426830201625,0.17889299902121458,-0.586909278330415,-0.5730560339879736,0.01392907620713341,-0.0697538566986842,0
509,4.055587594159022,2.8107189604442575,-0.3829533998820926,2.095690316615563,-0.22731556230469271,-1.5439318934238597,1.0108205822803904,0.5371733893979495,-0.7065041008195568,-0.6664204567580713,1
132,1.2927594967454978,-1.07214115895252,-1.207512836922242,0.8836805534185349,0.8650495746509136,0.7004007488818509,0.2966873757558264,0.5182897801963164,0.6482121942059283,0.5769097737674923,1
283,2.6061416944499305,0.6958764044141165,-1.935077076060072,-0.21329994726946017,-1.289893185643787,-0.46378452442668133,-0.21907855439717305,0.9736079727714207,-0.5387918974103958,0.16783526512109886,1
416,-2.575192379414997,2.4222983281858204,2.498516581636193,1.8606674898420807,3.264819989336926,-0.9549143123382748,0.3914870966033044,0.05806255008824367,-0.46563096548770433,0.24038277079836973,0
164,5.334180679800504,-3.9688415183493677,-0.67610966438939,-0.12326401837405977,-0.8048333872029491,1.1189290455575098,0.272498046215197,-0.7077996609221077,-0.7127813294040605,1.1376033927366918,1
272,7.469047236347728,-2.9007846403040984,1.310182533758272,-0.5187634109176659,-0.9322748011541582,-0.08672078336663278,-1.6002448928173816,-0.10676292572205008,-0.5342201058884103,-0.2126061170381134,1
32,4.462376654992413,0.4039928857067788,-0.7691821291581631,0.8229241396067064,1.4073709868994797,-0.1374396478688276,0.857425940777408,0.4613802609817187,0.45528987571547364,0.002523951828846552,1
541,0.9865307417459509,1.1634492428210197,-0.4617213791687193,1.7739605011706063,-1.0613142685546182,0.41063500056187957,-0.27355019959630544,-0.9466214748852889,-0.3460762767709517,0.622346550249039,0
80,-1.6174933374255376,1.6827408788990232,0.4954295639655471,1.545629594823319,1.7923640995121002,-1.614860545838759,-0.06146079950966804,0.5502423286260657,-0.12151165596720448,0.15947355802700422,0
303,-3.514053740082083,0.8890323761750861,0.30870721887815006,0.17216627713578914,0.6416594651024023,-1.810479976137765,0.3651139611498936,0.4164475275549147,-0.3107575035127011,-0.4783979609042927,0
290,3.067253533249596,4.310976303946907,6.04365522373576,-0.6857467245922199,-3.857183252083846,0.6810796165896582,-1.1092024006970351,-0.18245317765621644,-0.8757958778506626,2.133970622052121,0
414,-0.9961989367173144,-2.1006731160384056,1.4669863357077355,2.807724224567835,1.268487618914735,1.6395849146452708,0.6651546521032762,-0.7897267909723859,0.3082398948009812,-0.1451952355517075,1
230,3.218999082701956,0.0035750824756520753,-2.904795061518415,-0.6365671581613601,0.14079538969941222,-0.6659054080595758,1.3227822073217181,0.7738732113648065,0.4735017179135291,0.06334221062710535,1
377,-3.0770066785852035,-2.1544444240838203,-0.1670302110130525,2.825693350781879,-0.48986102375680723,0.06513823144084749,-0.18270558572120027,-0.7269199500154417,0.04320951851269928,0.061978745801802265,0
30,5.907279590149656,-0.6536099572241306,-0.3993112945461399,1.1893625683544182,0.6201456160996597,0.25193399951950446,-0.4850808783510143,0.364349279804634,0.27893227891344086,0.18970126073537155,1
88,-0.9368169444386502,0.9763822948662545,0.06558722635930606,1.342054686516577,-0.03986679511005138,0.17556671104424926,-0.03328886429324127,0.027710919867680497,0.33899633135811985,0.3279749912448022,0
58,-3.7019648331315724,-1.722524448134054,1.281576464100401,-0.262711223801955,0.6186695898167048,0.6078867328830163,-0.34304738625151776,-0.35736817184422276,0.06614817958763872,0.7536153863624537,0
252,6.971786228629084,0.7154089472179566,-1.251790402557781,-0.5363095215509657,-2.0007393481612032,-1.7478889813707226,-0.4056062733611896,-0.8617893303016475,-0.7435941033026767,-0.01435809628205721,1
254,3.6086430931757594,-2.6345244980380915,-1.843418455633719,-0.8606649543322834,-0.1373775720691327,-0.10916931006282943,0.30735008383099094,-0.26389924420836186,0.01825224230108767,0.18367776043262476,1
184,-0.41325298757785583,-0.8696612555205763,-2.505866053188583,0.7883125456478353,-0.8451755744585622,0.19345300663551326,-0.6623474374480242,-0.38919912404661683,0.053266421947991624,0.4019672362694279,1
155,-2.4018606902438746,0.0932057952152725,-0.7274023598834867,0.019011402757441634,0.09498463996977256,0.8120572932178042,-0.13342007685816507,0.029771826138402246,0.5691340624663963,0.3630676761947927,0
353,2.054946479418767,0.33381938524357585,0.8756166493476839,1.4734257899358016,0.5070552633969868,-1.69300530122444,0.47063243438684016,-0.8941746034394666,0.24281093459912667,-0.6048813092543996,1
220,-2.3325383689693786,-0.6081105863693976,-1.5218185644167637,-1.9528582207518559,-1.201148058510326,-0.8656980707224002,-0.6742195756593751,0.03125404795255363,-0.7427223570109109,-0.33050432497093285,0
82,10.569364214897211,-2.1139866627086,-0.05558619627862466,0.5543432254528685,-1.3622042044928304,-2.070759728120722,0.08341729406288442,0.7006887854080333,-1.3686229639663663,0.9877054928430822,1
523,-0.6118479300434734,0.6990966945164012,-0.4594442014173461,0.010291651558593231,0.10024776936554869,-0.624354484730701,-0.06328571289279954,0.1938628974380358,-0.21471886097184806,0.017607459590122502,0
201,1.6072493789771831,-1.975786003189871,-0.9706580621082385,-0.22977120791157354,-1.0329133093565712,-0.20932401702273096,0.7999443693695044,-0.467328699323778,-0.6558330093569358,-0.4156436960892872,1
262,3.1773834448874516,-0.8941956704101596,2.517731397750123,0.10462083833043703,-0.2987004169592894,1.4690951160392232,0.19803275986203628,-0.11827801517086842,0.46849546069086984,0.5465167054020176,1
248,-2.57145269302556,0.7180861165797537,-0.4653074203757308,2.3334395838268125,1.8122111891504715,0.09715320809117367,0.01852333484416352,-0.39189776810305216,0.6019207488153316,-0.015791099910228812,0
507,-1.1808006573784586,4.14897823540871,-0.3337561149316095,-0.9781736879570061,1.216602229024909,-2.0832988584135057,-0.07827440603918832,-0.48661140472552433,-0.46543763026637053,1.47861619633912,0
350,-4.009163894136526,-1.2514558859348726,0.5527459150545295,-0.9941571850279988,-0.07072026351911921,0.9232750436086691,-0.4327827428159287,-0.7850715376958268,0.2002625275651666,0.20670646493830613,0
50,-3.5276614115509215,-1.2445402359884137,1.0165918024205702,0.4583680794045354,0.2981516056621578,0.2258205806596342,-0.4108948957152975,-0.2322125043707899,0.01482368413098865,-0.6901335061350107,0
323,7.095254887466662,0.11073637140221573,-2.888215324239849,0.2022323446390724,2.199710226360217,2.549796741148709,0.8567214608198622,0.3688254189677796,-0.02581656477738542,0.9985062156021611,1
232,-3.7032516675043983,-1.3208450292574652,0.558615869236036,4.529261697040852,0.7626536351276922,0.973114372109197,-0.5745283400756249,-0.21932680698297674,1.0505841321480018,0.6262565341947264,0
403,-2.45136295541991,-0.24898407475753903,-1.4453134198764848,-0.5253456887717597,-0.08192717531810123,0.9054912060597491,-0.17842489780199253,0.6836542563981083,0.014604563170370687,-0.20817512812076813,0
185,-3.8092483858385195,0.8484408185512989,1.033637046332499,-0.9179561859963884,2.245755648817206,-0.9100462421434262,-0.028126783530679503,-1.7308265699317265,-0.7472268800376229,0.18613427080044748,0
10,-0.8660166545735208,-2.5811000459783826,-0.4631923273706054,1.612275638809731,-0.34910518518854916,0.11759671034908518,-0.4985670952072231,-0.2655637293873658,-0.06645206022095206,0.44513730447786326,1
273,-3.561964588666103,1.63787002401852,0.7886313940054639,-0.7137610063748178,1.6900660030626868,-0.8595236448072195,0.6282712653426752,-0.8498739676566239,0.4477313181296066,1.0537720148340919,0
475,-1.9700451289620269,-0.08247071995210367,-1.5707575208696116,-1.1208312509570963,-0.9344837780290811,0.39767818980576003,0.2427941315062524,-0.27863483729639,0.18661986384992046,-0.5093113774593583,0
210,4.673643461712079,-2.9119009555893,2.611790320451687,-0.34338170416556424,-0.20668065273288988,1.1156827489932366,1.6003927311444939,-0.38037959637156554,-0.01216222779793526,-1.092091482670157,1
301,-1.4513304131342837,0.662770215133541,1.2242793171407098,-0.18379340438453892,-0.9509158892761201,1.0130464952420115,-0.07302066385388241,-0.26451437833642205,0.06358923946898,-0.09841293773511404,0
295,-3.2748661728530997,-1.3376633144330212,-0.6123702846423982,-1.9137757876963999,0.028258478887966076,0.6052040612634855,-0.008748401155831491,0.19171956423648379,-0.45979789845856134,-0.05101016782493677,0
537,0.3770317840561132,3.49524362696597,0.1578861532617056,1.6944027246974862,1.9591379836913203,-2.390454069441713,0.8318546579596623,0.20131164598175533,0.2991428236483408,0.9904177237435601,0
335,3.2048798020507747,-1.5270664866338555,1.2299743183083396,0.7098451748511955,0.8254194918895771,-1.149925441380776,0.26178511927561576,1.3092812250215737,0.49032631250708314,-0.9531796523032569,1
525,-3.267995824454197,2.7544722275121036,-1.7089081470429102,-1.4055557168934583,0.38515822035986985,-1.2898831891083982,-0.7052303049662333,-0.5150092824831584,0.018687884212180747,-0.30204860334289824,0
405,-2.306686028454357,0.693537617243609,1.1460605872620124,0.2169264933686804,0.6191357769476754,-1.4655986889913584,-0.0012247226638262023,0.2007245108077734,-0.4225864066105592,-0.9016046836558871,0
91,0.24835125422353416,-0.4620363588625379,0.6375537207554165,0.04225615722115315,-0.3980356919765706,-0.09124714096457974,1.8439799946601074,-0.6783218284260515,-0.07844617903748001,-0.36889222960245405,1
258,8.575027081430614,3.347358149120877,2.798138901687273,0.4958406036142668,1.210623667533367,-0.6555632414561906,-0.7893265857709302,1.1531079224789287,1.0785356050197892,-0.46701888537171715,1
453,-1.1469638318619166,-0.3798288144366502,-0.5399709008774266,-2.2062118461727542,0.22180786933103058,-0.4696611314756779,0.5422376758278902,0.4579518078087675,-0.4333798399317067,-0.10255445895474422,0
127,1.8087941037882058,-3.395710072103825,1.1823000371139842,-0.42092266235383274,-0.6168071220243756,1.4706545138960174,0.07553346562439435,0.2560900673809798,0.39050881942589727,0.30052671529468766,1
449,4.209711040548784,-3.9218663900292605,-0.2969159022628059,0.2849494926997445,-0.793644887090968,-1.2975781533527264,0.6774150430460837,0.7067514450151094,-0.4208828854135389,-0.13590323047862,1
137,-3.2120110217981646,-0.3399332547077266,-0.6580107364614914,-0.7548424340270488,-0.11553561588466556,0.06054455820964791,0.3337577493888221,0.5945402362583654,0.40917446150681336,-0.3776521306807822,0
103,-2.0677814632329556,1.8832936943511873,-0.4564547625931853,0.45374305249170754,0.4927228916911713,-1.0017854191523492,0.564517895101671,-0.13125581949904885,0.7336813923345792,-0.22624505691967237,0
566,1.182392546633861,-1.8259943779597188,0.6410367511944687,2.0315081713466197,-1.8307778104978718,-0.4553053169149391,0.30219276360953795,-0.5702068441983204,0.43602604534803263,0.016293495912005233,1
101,-4.446731492073281,3.5191388948777185,-0.2050534564556298,-1.0985321520676437,2.875103683431337,-1.1263926560337796,-1.2863959591488066,0.3035415757561108,-0.566278094894694,0.2770810926570675,0
544,-1.655654829316361,-0.15822443408498973,-0.10506469448659869,0.14159608250481828,-0.5187084147769834,-0.9742202359504611,-0.4400638745961674,0.11822820403359392,-0.1744109447918076,0.40050303870035875,0
492,3.0099537353812433,-1.135957225024213,1.1832579596103572,-0.5878253676713479,1.1192814775830309,0.9202444858200559,0.3636466146040622,-0.15514802997672694,0.1839788531483239,0.4801363279291953,1
320,-1.2380958319338904,3.50106638610095,1.2054140447025283,-0.7965859118639389,-0.07013830374420299,-0.9443408977316249,-0.07492468351253412,-0.033180694983796985,-0.6412591884234305,0.14211823285944064,0
165,-2.993427759512241,-2.6697398472475706,-0.13587853088945726,0.2629153071772667,-0.4357226537990547,0.7419705539845336,0.37224951975971915,0.2298956419290798,-0.3224814389180053,-0.047103734187330173,0
212,11.862684463972526,-7.309694035323141,9.2088257637804,-5.266569417603447,4.114079102082875,-1.0969667457644579,-4.802068501617112,-1.9586526948307756,0.3156123911926534,-2.4887161698342553,1
336,-2.353320547635411,1.0970874814631344,-0.6854230287344134,-1.6221043681768745,-1.3374944550208039,-0.47078175607984907,-1.1940151736660563,0.3138583806241023,-0.5531839734137113,0.9792064698207257,0
462,-2.5786904667826898,-2.4308987852216632,0.2771143136442581,1.9828855930645652,-0.9600632386237753,0.5117142758129049,0.14101424368248283,-0.704827273066862,0.5757243179534921,0.548079617757551,0
417,5.83796452019595,0.06400031108150507,1.4797089967761206,-0.8172537598243388,1.1987617622938722,-0.936644493326838,-2.1499825384547915,-0.6843280558647309,1.6012118311892352,-0.423552312236968,1
454,-2.8178229756393307,-0.9047166381996431,-1.440103760737418,-0.5378175084147501,-0.15235700190149729,0.9752869076994622,0.1027467554336019,-0.08358372485928549,0.5504894007682392,-0.027292503566079034,0
133,-0.7056312885432335,-1.4403271725170905,-0.6994414255755408,-1.7524443079253105,-0.3813643080280949,0.28337192438377834,0.8041788859322343,0.599567554783571,-0.006564290987881265,0.2606959407165553,0
559,-1.097059705822397,1.2393529154334713,1.6014331410656115,3.296260153369992,-0.8979827927909739,-1.782414998372665,0.0869426856603758,1.438804437112326,-0.6126649557100844,-1.0635314575812544,0
152,6.898848291769156,12.593495060421217,7.789323873333934,-1.2051455884702613,-6.8567878856555,0.5219451539915675,1.0350857332994925,1.8429579829183953,4.104563490300998,0.6124038538644233,0
287,-4.262626712494387,-1.8369645529576242,-0.19516493893834777,-1.7960489330519813,-1.9068113281041856,0.45179374289104896,-0.2956889532865883,-0.4412912164841049,-0.5425108516245244,-0.23522125510663042,0
360,-4.5632988402752215,-2.6776774453654437,0.9706572640180693,-0.574923404980226,-0.13385107872823057,0.6470764678284215,-0.3032721368839873,-0.36134456209120225,-0.05706910517522774,-0.16633543678660545,0
394,-1.9818399538036775,0.4523559832876338,-0.07948828489624957,0.13126438571501803,1.5079090751149782,-0.11983505923647957,0.5079036888669514,0.5519059560216392,0.03822794863415511,-0.13461540104908,0
351,6.132145420581493,5.159970332527991,0.589844687833167,-0.8202849724956567,0.6535393466152991,2.474218386473947,1.2556169317563068,0.24964343190612567,-1.3011728203789092,-0.8860086281249825,1
266,-1.4372745674275977,1.728515814412404,1.1942221545435667,-0.3935186715258843,0.598031281882907,1.1941919393230602,-0.1239312048476293,-0.22632273529723357,-0.03515860328195695,-0.7921194303480075,0
341,-1.906692656826495,2.6458409576646016,-0.8361737398194966,-0.05955117414283209,-1.1086118842723587,0.6257445758492329,-1.000973918509944,0.018394997166952167,0.590952996386529,-0.025025634483674484,0
149,-3.0424040814010054,-2.126579804551411,-0.4257492602381102,-0.3395976647266371,-1.5592324662610584,0.39484988401695187,-0.5869035235512123,0.14623812565799219,-0.04451682769559869,-0.13211434233744532,0
200,-1.4632384654868251,0.17105247144462551,-0.1836509847305818,0.4823226328921565,0.7017996408193442,-0.5610654263353546,0.28647037486634686,0.12583202325842985,0.769655938981233,0.38014755126496896,0
8,3.1514598774822464,3.4594970779051026,-3.0498584976229224,0.8076049426819981,1.37811716014282,0.5732060907469221,0.1099388572540015,0.5980879683923634,0.46955467479824503,-0.23371494558651076,1
3,7.110443163886164,10.32491299296842,-3.093272238063625,0.23097955680717924,2.916306268199078,2.9137010093984825,-1.3641696792587146,-0.9809993861945693,-2.0787003774252777,-0.48478933344264713,1
38,-1.0957412786590928,-3.303517771038134,4.099758994484103,0.43479072018688136,0.6073115551434062,-1.5883558853729267,-1.1836172333229367,0.8255345132277983,1.9825027697889184,-0.8102840367422238,1
474,-1.9427868982359622,2.015886074186751,-1.9238961007334527,-0.9222380367202836,-1.2152281389080652,-0.5087542662945276,-1.3558073892322482,0.11256417231577215,0.18479699759276014,0.297549826430993,0
42,8.91094508798834,2.1346048541223093,2.1818327889831313,1.1616352602361937,-0.753758994592766,4.3138761684821505,-0.47012170538621895,-1.2427292423110414,-1.052858160037364,-0.765392579082394,1
225,-0.8309216416032604,-1.1235926606109703,0.17055234976312675,-2.3739411410295506,1.021395525528178,0.9129034081752117,0.8321729902643977,0.00025373576229395647,0.8243327476038796,-0.1612619312668043,0
536,0.5081688340476,0.4036557625168599,-0.3330521754320972,1.8862539003622978,-0.30328599195074807,-0.4980092018721357,0.9296541473780575,1.243107517016491,0.40698082532570534,-0.21231957044987196,1
491,-1.6765839948239005,-4.41951088431735,0.6564039677935439,-1.8527628644064562,-1.4049612809088707,-0.539643553906598,-0.1755534097575379,0.5481569472221055,-0.9938494015937921,-0.19653188346696707,0
68,4.243961580934032,9.276133064007555,1.887768193554725,-0.3470541249742359,-4.427874791609223,2.2116553274652055,1.7478816125295105,-0.624657329653328,2.0945741792700368,-3.519783888222579,0
54,-0.7037062570014627,-2.0247057917578384,-1.3747592981417376,1.0047928101463994,-0.3632580234616475,-0.5804287564970518,0.3008201062093112,-0.30963107014930197,0.5167401107489575,-0.22727229930410056,1
419,-3.3116680343429494,-0.03429075905672807,0.519659580260542,1.0586953622250135,1.589252194833664,0.10520389295378868,-0.041449864780834705,0.1620606233880939,-0.3415849456598691,-0.617460892252702,0
545,-1.935717635216639,-1.10477750302845,0.5128888136020074,1.071520980244118,0.205889751767607,0.11250527356874919,0.18294914912459917,-0.07965258026179249,0.10108031289512368,-0.09217666827917137,0
65,1.7811940720780748,0.7520735845597714,-1.4534549942361035,1.3028740151739437,1.296837023276941,-0.6747755112267683,0.6025329884070354,0.43402902674166427,0.11303036838254348,-0.06652421449648968,1
395,-2.901689791779652,-1.6433419799870457,0.34723458830732984,0.2803848355176898,-0.35267148775781565,0.36375474058634294,0.5049686686755432,0.9444765928838282,-0.4455569549725435,0.12386211608990438,0
186,0.3172139731072907,-3.4190293848128963,-2.221149974831242,-0.27943877587208693,-0.9541927100324344,0.6111961473655536,0.5285251536991913,-0.07788669427220127,-0.16201118203270426,0.1829073254944302,1
412,-3.9570626755591327,0.9899808872668527,0.3737481141346584,1.3616456377770927,-1.5817337876821924,-0.3817806461681118,-1.3367400787188983,-0.4103746784265374,-0.5519038524696115,-0.5680086548194425,0
238,-0.7230497273069807,-1.1552887325159362,1.3759501804338525,3.769519517840687,-1.410549095593993,-1.304859783463747,-0.212186640915263,0.9037733771567092,-0.5137365453366661,-0.4369980329869774,0
379,3.7851873662321727,6.069027865217619,-4.701958804445667,1.3878549587497933,0.3672018646410388,-0.9100753213865296,-0.6756811729297494,-0.33869164033420573,-0.28023834490314414,-1.2852727976933482,1
344,-2.127319045686802,1.0322706435186806,-0.27246722991614253,-1.8674615474979368,1.517312542155263,-0.811383341664188,0.5804191679924114,-0.1547508767679919,0.7674515732657469,0.28382828803391985,0
374,-2.594160373839425,-0.9721090963428846,-1.1876709052156647,-0.9988954167715448,-0.38188894648914273,1.5902182201970763,-0.09664843539911544,-0.38201198683504556,0.08878846171158776,0.5243398773856734,0
180,9.29202533327458,-5.443029642867339,-0.8480732223551535,-0.12275601514047582,0.08969905925467309,-0.6924486652109718,0.7042561313075547,1.356826092768115,-1.6367618373231931,0.9563888158847293,1
334,-3.7710513256885374,-0.8838295499334918,0.5110277000413757,0.8253337410704563,0.390904942871639,-0.3286861083608362,0.18352312702123058,-0.14170391812888014,-0.47231773069857685,0.0463149322837266,0
445,-1.241214393925776,1.0859994823004089,0.32473926088493527,1.2368410280360824,0.43201037749670734,-0.6953803195573603,0.6648466306950239,-0.07351867993753988,0.5985305683352307,0.04835276182789628,0
517,3.2928351495748527,-2.1936252459363454,-1.2582867276142058,-0.5171778019335769,-0.6790880517297163,-0.9623882835689204,0.06795891559146058,0.4668034279454996,-0.282197590628718,0.7621759362042937,1
284,-1.3687266064813655,0.09662388160220628,1.6600462178767872,-0.7711528686294497,-2.857467570186737,0.00926458464397085,0.522244063999539,0.5059449254886468,-0.1637949679772834,-1.1405409503384947,0
199,1.2218927768112797,0.5129259924016879,-3.746061070032455,0.8147218965254238,0.453373253969599,1.2562822338716284,-0.06365959567418134,-0.4713636838099707,0.1890581764451013,-0.1642850549606235,1
546,-4.181868736857521,0.2462292898640672,-0.29049202616135267,-0.6683296293107504,0.7638236898814253,-0.23159962967975042,-0.19210996086281734,0.005507708546269271,0.7091435253434999,0.39182908210913686,0
142,-2.4178033734633027,0.8923863373650321,0.3605153661128035,0.3233260029224797,1.1199683394266442,-0.8591256998302766,-0.20057037984836326,1.0160465063294386,-0.5474553952238636,-0.4220781724646145,0
538,-4.14611854175983,2.3507850952590914,1.456170012244359,1.993766111605417,1.9660615027820871,-0.20087882922091269,-1.6955331835220584,-1.7401790897327387,-0.27779330109313627,1.307415236441754,0
406,-1.1425200855237214,-1.83242035045653,-1.259709718836468,-1.5560144248606342,-0.5488962102982896,0.3359705305473969,0.45451910468304463,0.5181334822464845,-0.07070332438032376,0.19096069531328827,0
370,4.120244919081178,1.2959685327631354,-1.4852057587827197,1.0652145943668345,-0.004598613980543016,2.736006343916191,0.8121117299098707,-0.6164075651374522,0.05537013692432862,-0.6070595180461504,1
441,2.398988451934398,-1.4330139559107793,0.6847581574632758,2.22074000413483,-1.4948524664565261,-0.8471374650905521,0.8770099438690975,-0.7178561072595677,-0.4823095964644353,-0.8131534897001701,1
500,-0.6055332966619763,-0.7298120573707563,-0.7114758619734315,-1.191888514339036,-0.9643407098915829,-0.8953086122515922,-0.7553396773013218,1.136268990823312,-0.1235504974304891,0.5353468511821303,0
191,-1.7499705986032255,-0.5074426845820753,3.222279480537749,-0.05152040046000222,0.08822791079827687,0.8880229583129136,-0.9978091654781122,0.6890247809103652,0.2967916765170294,-0.366761840074525,0
514,-0.7593748349266564,-1.8614664531178404,-0.276654563178166,0.25757494552539895,-0.7047616288950708,-0.7432543756938829,0.06253280495769668,0.5292557858303346,0.17960006688522123,-0.49075879855428123,1
547,-2.602949350724086,2.371077098899182,0.08875775569806543,-0.4061989873797015,-0.3583980159589401,-0.7341775401867656,0.13241643027645403,-0.9453822872390045,-0.6245451531590952,0.23523596751014159,0
17,4.348422437319176,1.5116325345076473,-2.295192891980677,0.3835886782045966,1.2788220918160618,-0.748272121700772,-0.3357744764061783,0.3278455325643033,0.1356913289143494,0.4102637220365521,1
148,-0.399381926104823,-0.2675990648620499,-1.0301016244724246,-1.4140554669939742,-0.9046067965795686,-0.2901756786444851,0.8137728433275218,0.3794350372967191,0.17666026009594074,-0.4057522425597726,0
213,3.3749912563079345,2.57890534427991,7.362687294912318,0.25221684711760756,-2.408364734796157,-4.128253898273058,5.040801364487881,-4.042659271390842,-0.9388425399149745,1.2226242476535918,1
354,-2.988839934720936,0.3577646117607177,2.0246138476011892,-1.876396960492193,-1.4792593213887304,1.7628722353098076,-0.5555614587158858,-0.4103400962704318,0.11663598138638531,-0.3644442015892389,0
47,1.6907468865047028,2.452618464545522,-3.01501304346539,0.20696286836512187,0.8952331791830624,-0.26341377431607105,0.16755165849269504,-0.0685389730014375,0.46552141619337767,-0.21465472115066317,1
432,4.483479239464088,-0.7169109419607946,-0.5486225375085068,-0.8841495677462085,-0.08306078395136222,-0.7629862008936773,2.289057829281943,0.016558020295562383,-0.9002510732808383,-0.42690682885581344,1
274,0.2694954322982452,-3.0845230385748597,-0.11439337556952632,1.7641312319462052,-0.152484571930199,-0.6783557908649313,0.18210831237224637,-0.06834711898387444,-0.32738829310848533,0.3895545621507022,1
55,-2.8239723179523635,0.20739314414388854,0.4330826165862204,-0.5674200410391205,1.5708930365722793,1.2369465154785757,0.5186799385138519,-0.7085322030015583,0.15057888940388497,-0.19363989922010155,0
564,6.264513969654902,-3.4257638262134074,2.2314790189958646,-1.1562031945312181,0.007858779684577504,-2.2682739452173113,0.8724142979353205,-0.08087367983319042,0.9902427255043255,-0.19214747737324672,1
178,-4.966015268185282,-3.3243826308723743,0.5166453480347982,1.3566406855981947,-0.981194679380607,0.8909717581442228,-0.49841901847451614,-0.1008297769987529,-0.12414237680653051,0.08186189498763521,0
81,1.1857217356042338,2.610680128166567,-1.8119972715225228,-0.5764704272529676,-0.2926433029500692,0.14080210254504721,0.22761073708364543,0.2606374277390108,-0.4569879746549937,-0.35138348942313913,0
136,-2.590885471854575,-0.4875698467583316,1.8437135420364907,0.3126867735726358,0.02799086113535688,-2.113915687977161,-0.16675530692139426,1.8141469237201162,-0.1417960869814084,-1.0940968172921246,0
21,-3.474979877818032,1.736916953990741,0.4530276880576086,-2.1507811157503025,0.6206680129426327,-0.8466012336153621,0.2680188834591687,0.10963337071969277,0.4276214314146919,-0.21424519598920316,0
263,-1.9339356535673695,-3.0227847246177015,-1.0135984600723627,0.9533633780385977,-1.039142116124231,0.3500550982842656,-0.11320268829163543,0.2579537402613231,0.07173733698785639,0.09755761770697312,1
337,4.566344021815932,-0.8466088740102538,-0.2825156252795407,1.1565991715831834,0.00840303896422006,0.5252895543257603,0.05113170666415909,-0.7397522650144286,-0.3992572509474856,0.3929894735739038,1
501,2.7581181126764815,3.4089880405301094,-0.6714528808053756,1.5096919680848753,1.534407801964896,-0.5597226675771584,0.03526325299693091,-0.26489428305064433,0.1844731144904405,0.8827748979062608,1
457,-2.805582020470884,-1.6503496643393603,-0.11979176767774742,2.1462464198903963,0.16160431100416744,-0.5477637963418664,0.41638413249683204,-0.05963614748309651,0.5202549671549032,-0.07647919238020535,0
495,-1.4764228667752475,-1.561758885572402,0.3387085063440202,0.6949402680847026,-0.19748187827894256,-0.39306538004291935,0.9230585780080865,0.9606557090966807,-0.507475004600979,-0.609387029005755,0
363,-0.7859724420210933,-2.068201890030735,0.30397913913930913,-0.17257048569728792,0.029756179923754712,-0.846105439744976,0.9190003654036265,0.32634767026100864,-0.7579750091964464,-0.19303547323502493,0
427,-2.3145494034446616,0.4307924532560078,0.36600671953705355,1.625965281651894,0.5658134025725473,0.4601943533217017,0.113990715599096,0.09831136147335919,1.1301969634515203,-0.06036201907672828,0
63,-2.2778263860787815,3.306294371246925,2.899004662631436,-0.6594678254063748,0.6526034366373393,2.7317449981221524,-0.39981825490698125,0.8183876912718872,-0.28570442425337406,0.48119825665398974,0
270,-4.483121035856859,-3.049537206586959,-0.13225421329004622,-0.6024987899557561,-1.3400775899430037,1.1093577042530671,-0.2036530135111526,-0.08390651787051992,-0.24346066489716928,0.4899222183746308,0
527,-3.1117891231716777,-0.7367759374707488,-2.161880945790662,-1.53263445484435,-0.4882777438525954,0.33354988385052475,0.004152279835371283,0.1594004836936952,0.2717263995339865,-0.23353767580453472,0
352,10.724588108458743,-3.475347714049178,-1.1268681859787624,-2.2006898129292822,0.23660691438508316,0.31918474521756846,0.162880019746604,0.2896942174885896,-1.7381344640504213,0.4249548795168261,1
539,-1.0995603100878348,5.580307377601698,1.6153122715726356,2.203968912347042,-0.5256587353102554,-1.2685500704922565,0.09211934287147115,-1.9181775851705036,0.5209610228658866,0.5984161861871179,0
422,-1.6279458997547216,0.9421241866180023,-1.0052469793294017,-1.3506250749252386,0.2768448463615587,-0.20809648266080866,0.6588732033545464,0.4917061035629455,0.6379814026262531,-0.6181599586741804,0
159,-4.626437100640144,-0.9927290145078791,-0.23236403080359463,-1.4126619355034715,-0.3407131194106186,0.07659002281410898,-0.8207596457514276,-0.6275126342666201,-0.2705930884852119,-0.12305402154860738,0
109,-2.196086248596001,0.712478229731786,-0.9902735047227337,1.0315538697747817,0.27221223434306996,-1.4216958766831282,-0.03574802208989872,-1.3362764810329948,-0.12376417410556083,-0.7838483843824513,0
189,-3.3163648696004793,-1.0105226405653818,0.20107757131448312,-0.9881758387662571,-0.6671196165518505,0.6826386054944701,0.13355833832778533,-0.22863207837623994,-0.14637907116366933,-0.2908498404795283,0
33,4.877456792926297,-0.9745901118163206,-2.5278605258218536,1.3291980929448242,-0.8638077309794563,0.32113051991883035,-0.9034741795126957,-1.1824449814022706,-0.6712858420839068,0.4529926212568393,1
513,-1.1319625629553354,-1.2765522354948498,-0.6029455833267114,-2.0850901845078953,-0.5417388351884932,0.08099198187684338,0.0933897697240907,0.2994309677955786,0.2657593825543001,-0.25177800032716485,0
153,-3.669195109982111,0.3313328151636343,-0.10211188137702919,-2.0342825385963375,1.1061673848886648,0.11968185892288775,0.6772468545892085,-0.40071398700954974,0.04849236389849684,-0.17249288221052786,0
112,3.5192632195766973,4.018638114640492,2.3158581743299282,0.16586611852805266,-5.203287563158906,0.7334090328048876,-0.8381374318852269,1.1200386825031705,-0.5712375529078986,0.14436192378682278,0
291,-0.42630666494725683,-0.7061162803493499,-1.0553646818201026,0.07452284776603428,-0.3146861900754142,0.27018666260376595,0.30598447220773267,0.022986544321644597,0.1946166845375747,0.40970227596764625,0
49,-1.5824424436002553,-1.152408836564843,-0.30509376054371173,1.4139340515288326,-0.21296703896854602,0.5745143976261993,0.6049901515395377,0.4930050702776902,0.7096062614468228,-0.194420442529683,0
93,-1.9524170809615962,-0.9243395431760388,-0.0860714991433048,0.01703014363397717,0.5151614890975992,-0.30731389269710463,0.5294789932804199,0.4766406440137987,-0.03812655291735342,-0.5818591326597014,0
59,-4.038031377290945,2.4813057861384036,-1.1981776854850874,-2.101177516872285,1.2336517955245616,-0.9740061149033347,-0.2169456132268213,-1.1696025358083697,-0.11553621960638838,-0.4089752074449594,0
24,4.820597135211905,-1.403974705992426,-1.8511446270908885,0.09774554263267406,1.5262042604487787,-0.7546478876127795,-0.5622652569914928,-0.4961499033375452,0.7419866214345975,-0.08288712752401699,1
549,-2.55726324518342,0.23181219540825826,1.4626736779579899,1.9146451185943398,1.5638865052834896,0.7179007923118208,-0.9005014334930356,-0.3050977722294059,0.37107343112057517,0.3055293041435804,0
92,-2.845397304175802,-2.7731646545059663,0.5117651183349556,-0.7806378134919274,-1.4029305771905476,-0.2842212708646964,-0.17298861785749836,0.4017550090499224,0.20210193072944765,-0.6152330401971794,0
333,-4.33987756199273,-0.6796871668218974,-0.3714318694710134,-0.6994557594396557,0.4337927299413861,0.43212007993384716,-0.7056922685759727,0.016062811065265515,0.10852249803774619,0.45965052540845713,0
324,-3.111211208052611,-0.6420296876753132,-0.8365753808644804,-0.8490269323235966,-0.27890893349595736,-0.21708765343327385,-0.6783478201579586,-0.11846732814758634,0.01961856735990739,0.035842255845136686,0
192,-5.550583452693185,-0.5745288585000095,4.142501400749528,2.088043938775573,1.2302641581274139,1.7704148682423024,-2.028543140339811,4.701070415980376,-2.289052423360165,-0.9320159359623572,0
37,-3.7232076897454127,-1.4126014647538063,1.7388960098003958,0.3749700770648503,-0.02762851818898459,0.2386694720014607,0.4884103959413705,2.008212841318125,-0.889579630435593,-0.7249037920064768,0
415,-1.891917444686614,0.9224687340891291,0.11265862587223996,0.5403040351173114,1.3127256139843335,0.09794980521681669,0.6733058939465145,-0.7341905383839504,0.23519245686081836,0.31045033480897516,0
458,-3.171389138610142,-2.0462755157090196,0.12790489237485808,1.770744936576736,0.19401375055018527,-0.4629603209349894,0.30683640873228235,-0.2211835985962052,0.6714289294193213,0.20689199952317522,0
476,-0.5351191035069213,-0.8840622913984347,-0.27832339690003466,0.4709122588321224,-1.4387658844497169,-0.01497731522420725,-0.25026233011337085,0.028759185709307234,-0.14126229989957154,-0.5902003249168556,0
260,3.268258288646403,-3.2874612456881915,-1.7703538534111458,2.1366939348228566,0.3413197345042462,-0.3574764149723965,0.9477635306835032,-0.13913541013858793,-0.11229747176447182,0.6513793831275132,1
